{
  "dev": {
    "r2": -10.037838911416577,
    "rmse": 89.34764795119779,
    "mae": 56.9435197236108,
    "bias": 44.28403504793762,
    "mape": 115.36264343794858,
    "residual_mean": -44.28403504793762,
    "residual_std": 77.60107237844213,
    "n_samples": 61
  },
  "test": {
    "r2": -30.44263770033161,
    "rmse": 139.40116759693427,
    "mae": 87.3517197502984,
    "bias": 73.51196755303278,
    "mape": 169.75202640497352,
    "residual_mean": -73.51196755303278,
    "residual_std": 118.44271254015764,
    "n_samples": 9
  },
  "cv_r2_mean": -1.3627395188860847,
  "cv_r2_std": 0.18714381578564554,
  "use_log_transform": true,
  "feature_set_type": "all_features",
  "n_features": 18
}