{
  "smearing_factor": 1.1346615525911365,
  "ci_lower": 1.0268565274887118,
  "ci_upper": 1.2621598705384007,
  "residual_mean": 0.021784801711181058,
  "residual_std": 0.1749087716628567,
  "n_samples": 56
}