{
  "smearing_factor": 1.328445810432132,
  "ci_lower": 1.1755167550293584,
  "ci_upper": 1.4914123526621834,
  "residual_mean": 0.08380424564889141,
  "residual_std": 0.1769097147426019,
  "n_samples": 56
}