{
  "dev": {
    "r2": -1.3031071987021527,
    "rmse": 40.812967647013224,
    "mae": 24.51552977327441,
    "bias": 12.502911699013628,
    "mape": 57.81708455464458,
    "residual_mean": -12.502911699013628,
    "residual_std": 38.85068245478857,
    "n_samples": 61
  },
  "test": {
    "r2": -0.8819620300411484,
    "rmse": 34.10455239854943,
    "mae": 24.58287705315484,
    "bias": 0.5841164059109126,
    "mape": 44.490747619560686,
    "residual_mean": -0.5841164059109126,
    "residual_std": 34.09954988456225,
    "n_samples": 9
  },
  "cv_r2_mean": -5.310579261209393,
  "cv_r2_std": 3.9262407315339525,
  "use_log_transform": true,
  "feature_set_type": "all_features",
  "n_features": 18
}