{
  "smearing_factor": 1.0394785411997045,
  "ci_lower": 0.9682897968040414,
  "ci_upper": 1.1203763454673414,
  "residual_mean": -2.0221919377101065e-16,
  "residual_std": 0.1195980905444564,
  "n_samples": 56
}