{
  "dev": {
    "r2": 0.7373626404668958,
    "rmse": 13.782225464011482,
    "mae": 9.811692141843865,
    "bias": -2.3340913330254724,
    "mape": 22.658528407063248,
    "residual_mean": 2.3340913330254724,
    "residual_std": 13.583142360659478,
    "n_samples": 61
  },
  "test": {
    "r2": 0.8543452676220777,
    "rmse": 9.487880920615558,
    "mae": 7.040427836168067,
    "bias": -5.038303143766184,
    "mape": 17.344588377498702,
    "residual_mean": 5.038303143766184,
    "residual_std": 8.039613535195363,
    "n_samples": 9
  },
  "cv_r2_mean": 0.83263696270202,
  "cv_r2_std": 0.09618699270037538,
  "use_log_transform": true,
  "feature_set_type": "single_best",
  "n_features": 1
}