{
  "smearing_factor": 1.0305685156983488,
  "ci_lower": 0.9645102687362282,
  "ci_upper": 1.1046676002128777,
  "residual_mean": -7.93016446160826e-18,
  "residual_std": 0.10285772034051831,
  "n_samples": 56
}