{
  "dev": {
    "r2": 0.7873590671532124,
    "rmse": 12.401223452720448,
    "mae": 8.562897017363547,
    "bias": 0.057907918043648976,
    "mape": 18.53277622581066,
    "residual_mean": -0.057907918043648976,
    "residual_std": 12.401088250525898,
    "n_samples": 61
  },
  "test": {
    "r2": 0.9169158150356842,
    "rmse": 7.16582350956134,
    "mae": 5.895843408947798,
    "bias": -2.6617359980611828,
    "mape": 15.326621313681693,
    "residual_mean": 2.6617359980611828,
    "residual_std": 6.653133701257419,
    "n_samples": 9
  },
  "cv_r2_mean": 0.749531508894018,
  "cv_r2_std": 0.16350002846801254,
  "use_log_transform": true,
  "feature_set_type": "single_best",
  "n_features": 1
}