{
  "smearing_factor": 1.0010919515644474,
  "ci_lower": 0.9684284634119468,
  "ci_upper": 1.0374436466641528,
  "residual_mean": -0.002882138184072244,
  "residual_std": 0.05292419425329381,
  "n_samples": 56
}