{
  "dev": {
    "r2": 0.9405289308238083,
    "rmse": 6.558340663383474,
    "mae": 4.0623049129413475,
    "bias": -0.39587322145916193,
    "mape": 8.344307077629997,
    "residual_mean": 0.39587322145916193,
    "residual_std": 6.546381951087237,
    "n_samples": 61
  },
  "test": {
    "r2": 0.7429337178121883,
    "rmse": 12.6046120662695,
    "mae": 10.659633652534183,
    "bias": -2.8311423763987524,
    "mape": 25.106932459009474,
    "residual_mean": 2.8311423763987524,
    "residual_std": 12.282543636629422,
    "n_samples": 9
  },
  "cv_r2_mean": 0.6364908381155849,
  "cv_r2_std": 0.23695888379065064,
  "use_log_transform": true,
  "feature_set_type": "all_features",
  "n_features": 18
}