{
  "smearing_factor": 1.0305485103878274,
  "ci_lower": 0.9674467703056855,
  "ci_upper": 1.1070318792638005,
  "residual_mean": 7.93016446160826e-18,
  "residual_std": 0.10297622527516373,
  "n_samples": 56
}