{
  "dev": {
    "r2": 0.7870598863827557,
    "rmse": 12.40994450047734,
    "mae": 8.592349331178358,
    "bias": -0.1635819170769622,
    "mape": 18.67434007603451,
    "residual_mean": 0.1635819170769622,
    "residual_std": 12.40886632458152,
    "n_samples": 61
  },
  "test": {
    "r2": 0.9148414058564595,
    "rmse": 7.254728551239063,
    "mae": 5.851397769509014,
    "bias": -2.8824526665839376,
    "mape": 15.158400936620117,
    "residual_mean": 2.8824526665839376,
    "residual_std": 6.657518529982953,
    "n_samples": 9
  },
  "cv_r2_mean": 0.7978360513507927,
  "cv_r2_std": 0.1251571452547354,
  "use_log_transform": true,
  "feature_set_type": "single_best",
  "n_features": 1
}