{
  "equation_original_scale": "log10(Turbidity) = 0.184750 1.418420 * (r/g)+nir",
  "is_log_transform": true,
  "coefficients_original": {
    "(r/g)+nir": 1.418419657147903
  },
  "coefficients_scaled": {
    "(r/g)+nir": 0.26234104571284556
  },
  "intercept_original": 0.18475030763050593,
  "intercept_scaled": 1.612612892114016,
  "feature_means": {
    "(r/g)+nir": 1.0066573579180327
  },
  "feature_stds": {
    "(r/g)+nir": 0.18495305278012686
  }
}