{
  "dev": {
    "r2": 0.8577054285847231,
    "rmse": 10.144607870754333,
    "mae": 7.276190875358517,
    "bias": 0.15020067460683165,
    "mape": 15.153750918524919,
    "residual_mean": -0.15020067460683165,
    "residual_std": 10.143495877098704,
    "n_samples": 61
  },
  "test": {
    "r2": 0.5671552116462302,
    "rmse": 16.355846346455934,
    "mae": 9.087026557679373,
    "bias": -5.1578551430065716,
    "mape": 19.6200501077132,
    "residual_mean": 5.1578551430065716,
    "residual_std": 15.52128345313739,
    "n_samples": 9
  },
  "cv_r2_mean": 0.7703345406418698,
  "cv_r2_std": 0.16108108216559222,
  "use_log_transform": true,
  "feature_set_type": "all_features",
  "n_features": 18
}