{
  "smearing_factor": 0.9853253205585063,
  "ci_lower": 0.9459159877995026,
  "ci_upper": 1.0305995651583812,
  "residual_mean": -0.012160852011319013,
  "residual_std": 0.07006256491747807,
  "n_samples": 56
}