{
  "training_date": "2026-02-04T21:26:15.251649",
  "data_file": "C:\\Users\\adeni\\OneDrive - Louisiana State University\\Documents\\THESIS\\methodology\\acolite_satellitedata_training\\acolite_satellite_matched_mean_turbidity_date_only_training.csv",
  "n_train": 56,
  "n_test": 14,
  "test_ratio": 0.2,
  "turbidity_range": {
    "min": 9.3,
    "max": 119.0,
    "mean": 49.41928571428572
  },
  "tensorflow_available": true,
  "xgboost_available": true,
  "models": {
    "linear_regression": {
      "cv_r2_mean": 0.7699377274386786,
      "cv_r2_std": 0.2467119958484044,
      "train_r2": 0.796748367442913,
      "train_rmse": 12.637226423982852,
      "train_mae": 8.66338409889744,
      "test_r2": 0.8322222638396741,
      "test_rmse": 8.151034337619057,
      "test_mae": 7.244122648827981,
      "test_bias": 2.719810766127023
    },
    "ridge": {
      "cv_r2_mean": 0.7762837512066376,
      "cv_r2_std": 0.23090189611735115,
      "train_r2": 0.7968728366636255,
      "train_rmse": 12.633356377300071,
      "train_mae": 8.641785037484127,
      "test_r2": 0.8345088518247997,
      "test_rmse": 8.095299896739041,
      "test_mae": 7.241742895055808,
      "test_bias": 2.51664232489205
    },
    "elasticnet": {
      "cv_r2_mean": 0.774443542526922,
      "cv_r2_std": 0.12749212055641063,
      "train_r2": 0.7531484399344662,
      "train_rmse": 13.926843127821936,
      "train_mae": 9.847450462308165,
      "test_r2": 0.8080205122746419,
      "test_rmse": 8.719126364626032,
      "test_mae": 7.429547864763387,
      "test_bias": 0.8269207268415893
    },
    "svr": {
      "cv_r2_mean": 0.7116213739989684,
      "cv_r2_std": 0.09019257049865925,
      "train_r2": 0.9224664160505506,
      "train_rmse": 7.805121632126011,
      "train_mae": 4.710159692594167,
      "test_r2": 0.6531851699044825,
      "test_rmse": 11.719103439819436,
      "test_mae": 9.227840604588335,
      "test_bias": 0.6692213434075026
    },
    "random_forest": {
      "cv_r2_mean": 0.7333915936380924,
      "cv_r2_std": 0.18055565058511744,
      "train_r2": 0.9581948682219943,
      "train_rmse": 5.731252520084236,
      "train_mae": 4.304119711786233,
      "test_r2": 0.814261367815837,
      "test_rmse": 8.576235125764885,
      "test_mae": 7.37696669629974,
      "test_bias": 3.177954152494339
    },
    "xgboost": {
      "cv_r2_mean": 0.692374901639864,
      "cv_r2_std": 0.12956508078522283,
      "train_r2": 0.9999807149660027,
      "train_rmse": 0.12309628605561551,
      "train_mae": 0.08940761089324892,
      "test_r2": 0.7292247191035557,
      "test_rmse": 10.354999091694195,
      "test_mae": 7.975234140668596,
      "test_bias": 2.097816004071916
    },
    "ann": {
      "cv_r2_mean": 0.36729183360531886,
      "cv_r2_std": 0.29665255316467126,
      "train_r2": 0.3185928429057753,
      "train_rmse": 23.13865394849231,
      "train_mae": 18.761349658455167,
      "test_r2": -0.5058954819842592,
      "test_rmse": 24.419848922162906,
      "test_mae": 21.154947958673745,
      "test_bias": -16.666520769255502,
      "epochs_trained": 115,
      "final_loss": 429.93817138671875
    },
    "cnn_1d": {
      "cv_r2_mean": 0.2385452180274384,
      "cv_r2_std": 0.3222843526663276,
      "train_r2": 0.7849715131677895,
      "train_rmse": 12.99818593096308,
      "train_mae": 8.986783082144601,
      "test_r2": 0.6825512558663274,
      "test_rmse": 11.21198128750745,
      "test_mae": 9.423208318437847,
      "test_bias": -3.0985000337873188,
      "epochs_trained": 197,
      "final_loss": 216.9154815673828
    }
  }
}