{
  "smearing_factor": 1.0000521060149166,
  "ci_lower": 0.999418757397787,
  "ci_upper": 1.0007052257037445,
  "residual_mean": 2.130986775312839e-05,
  "residual_std": 0.001070308944662368,
  "n_samples": 56
}