{
  "dev": {
    "r2": 0.9851839023554173,
    "rmse": 3.2734673555204643,
    "mae": 2.029192639960617,
    "bias": -0.508743748899366,
    "mape": 3.720151083805756,
    "residual_mean": 0.508743748899366,
    "residual_std": 3.2336926764326197,
    "n_samples": 61
  },
  "test": {
    "r2": 0.5830518327183556,
    "rmse": 16.052695220480967,
    "mae": 11.273498704698351,
    "bias": -6.465440962049699,
    "mape": 24.816180109382856,
    "residual_mean": 6.465440962049699,
    "residual_std": 14.693096916848482,
    "n_samples": 9
  },
  "cv_r2_mean": 0.6604741464643064,
  "cv_r2_std": 0.049782228868040075,
  "use_log_transform": true,
  "feature_set_type": "all_features",
  "n_features": 18
}